method,seed,episode,reward,collision,success,episode_length,avg_speed,lane_change_count,waiting_steps,ttc_min,thw_min,drac_max,risk_exposure,risk_score_max,near_miss_count,raw_action,final_action,masked_action_count,chosen_source
baseline_highway,0,0,31.976990513983814,1,0,33,29.525339262811368,0,0,0.5589641495237806,0.19132687881327876,8.001512722394171,280.66057420791867,24.02250000000155,33,3,3,0,rl
baseline_highway,0,1,79.0087473816506,1,0,81,29.829663765147686,0,0,0.6438769105933807,0.178571428571441,6.030235950465587,674.5803108875687,24.026250106666893,79,3,3,0,rl
baseline_highway,0,2,20.97702432997874,1,0,22,29.288220244185336,0,0,0.6574389091757076,0.19134350917982101,5.784012222264556,166.06421009726319,24.01500000000155,22,3,3,0,rl
baseline_highway,0,3,62.976989805905426,1,0,64,29.755251536124916,0,0,0.5729482953607189,0.19132653061833524,7.615688032241477,478.61740480152963,24.02625000000155,64,3,3,0,rl
baseline_highway,0,4,31.805111758263212,1,0,33,29.642511113975498,0,0,0.5184934042306673,0.16666691514671456,9.299370682350009,267.87810334792147,24.01500000001587,33,3,3,0,rl
