step,mean_reward,std_reward
5000,33.029461,0.0
10000,24.145299000000005,3.552713678800501e-15
15000,24.145299000000005,3.552713678800501e-15
20000,30.156847,0.0
