step,mean_reward,std_reward
5000,56.50814566666666,3.244908718501271
10000,74.32663666666666,36.98419462726713
15000,32.141679,6.655128595021036
20000,63.24058566666667,15.306731414634683
