method,seed,episode,reward,collision,success,episode_length,avg_speed,lane_change_count,waiting_steps,ttc_min,thw_min,drac_max,risk_exposure,risk_score_max,near_miss_count,raw_action,final_action,masked_action_count,chosen_source
baseline_merge,0,0,24.35897435897436,1,0,25,30.0,0,0,0.516321317131725,0.16666666666666666,9.37777690540297,80.55513670809691,12.378444592669386,18,2,2,0,rl
baseline_merge,0,1,24.35897435897436,1,0,25,30.0,0,0,0.516321317131725,0.16666666666666666,9.37777690540297,80.55513670809691,12.378444592669386,18,2,2,0,rl
baseline_merge,0,2,24.35897435897436,1,0,25,30.0,0,0,0.516321317131725,0.16666666666666666,9.37777690540297,80.55513670809691,12.378444592669386,18,2,2,0,rl
baseline_merge,0,3,24.35897435897436,1,0,25,30.0,0,0,0.516321317131725,0.16666666666666666,9.37777690540297,80.55513670809691,12.378444592669386,18,2,2,0,rl
baseline_merge,0,4,24.35897435897436,1,0,25,30.0,0,0,0.516321317131725,0.16666666666666666,9.37777690540297,80.55513670809691,12.378444592669386,18,2,2,0,rl
