step,mean_reward,std_reward
5000,159.87366666666668,5.518996780214086
10000,144.89721533333335,22.68061543730409
15000,132.34968266666667,37.59842768814667
20000,155.76474133333332,7.0618287060936495
