method,seed,episode,reward,collision,success,episode_length,avg_speed,lane_change_count,waiting_steps,ttc_min,thw_min,drac_max,risk_exposure,risk_score_max,near_miss_count,raw_action,final_action,masked_action_count,chosen_source
full_highway,0,0,119.69477533263243,0,1,200,20.05898617511521,0,198,inf,0.6449322167572797,0.0,435.4767259483086,3.525742168738421,200,4,4,81,risk_min
full_highway,0,1,163.11459881813542,0,1,200,20.05898617511521,1,197,inf,2.363440580447921,0.0,124.38456911683721,1.0518113726482663,4,4,4,7,rl
full_highway,0,2,165.79437641277246,0,1,200,20.05898617511521,3,195,inf,2.8192388135654634,0.0,103.79462443459555,1.10544568311551,4,4,4,7,rl
full_highway,0,3,159.341549666124,0,1,200,20.10898617511521,3,195,inf,1.4943388097741763,0.0,145.53078082634238,1.2472091853958587,4,4,4,14,rl
full_highway,0,4,166.53730385171028,0,1,200,20.10898617511521,2,195,inf,3.4686823296457794,0.0,100.47999119514058,1.2425297842084781,6,4,4,12,rl
