step,mean_reward,std_reward
5000,66.984117,0.0
10000,66.984117,0.0
15000,66.984117,0.0
20000,66.984117,0.0
