method,seed,episode,reward,collision,success,episode_length,avg_speed,lane_change_count,waiting_steps,ttc_min,thw_min,drac_max,risk_exposure,risk_score_max,near_miss_count,raw_action,final_action,masked_action_count,chosen_source
full_merge,0,0,66.98411651072925,0,1,84,20.399934167215218,3,0,5.623625349442444,0.6927895577649488,0.21906276913681705,72.06884459010652,1.4790657755804917,20,1,4,28,rl
full_merge,0,1,66.98411651072925,0,1,84,20.399934167215218,3,0,5.623625349442444,0.6927895577649488,0.21906276913681705,72.06884459010652,1.4790657755804917,20,1,4,28,rl
full_merge,0,2,66.98411651072925,0,1,84,20.399934167215218,3,0,5.623625349442444,0.6927895577649488,0.21906276913681705,72.06884459010652,1.4790657755804917,20,1,4,28,rl
full_merge,0,3,66.98411651072925,0,1,84,20.399934167215218,3,0,5.623625349442444,0.6927895577649488,0.21906276913681705,72.06884459010652,1.4790657755804917,20,1,4,28,rl
full_merge,0,4,66.98411651072925,0,1,84,20.399934167215218,3,0,5.623625349442444,0.6927895577649488,0.21906276913681705,72.06884459010652,1.4790657755804917,20,1,4,28,rl
