step,mean_reward,std_reward
5000,160.481344,3.758304621855979
10000,161.427295,2.3919648914782683
15000,162.69319833333336,5.052344833389498
20000,128.50822966666667,46.14602338567565
