method,seed,episode,reward,collision,success,episode_length,avg_speed,lane_change_count,waiting_steps,ttc_min,thw_min,drac_max,risk_exposure,risk_score_max,near_miss_count,raw_action,final_action,masked_action_count,chosen_source
masked_merge,0,0,66.04480979041486,0,1,84,20.399934167215218,2,0,5.5093695849005275,0.6787140823072996,0.22360579058141095,85.82601777689646,1.5093720190519668,32,2,4,10,rl
masked_merge,0,1,66.04480979041486,0,1,84,20.399934167215218,2,0,5.5093695849005275,0.6787140823072996,0.22360579058141095,85.82601777689646,1.5093720190519668,32,2,4,10,rl
masked_merge,0,2,66.04480979041486,0,1,84,20.399934167215218,2,0,5.5093695849005275,0.6787140823072996,0.22360579058141095,85.82601777689646,1.5093720190519668,32,2,4,10,rl
masked_merge,0,3,66.04480979041486,0,1,84,20.399934167215218,2,0,5.5093695849005275,0.6787140823072996,0.22360579058141095,85.82601777689646,1.5093720190519668,32,2,4,10,rl
masked_merge,0,4,66.04480979041486,0,1,84,20.399934167215218,2,0,5.5093695849005275,0.6787140823072996,0.22360579058141095,85.82601777689646,1.5093720190519668,32,2,4,10,rl
