step,mean_reward,std_reward
5000,65.412331,0.0
10000,65.412331,0.0
15000,65.412331,0.0
20000,65.762759,0.0
