method,reward_mean,reward_std,collision_rate_mean,collision_rate_std,success_rate_mean,success_rate_std,avg_speed_mean,avg_speed_std,episode_length_mean,episode_length_std,lane_change_count_mean,lane_change_count_std
official_sb3_dqn_highway_fast_steps100000_seed0,25.627743915428578,5.904627404051803,0.165,0.37211199481260626,0.835,0.37211199481260626,28.109175666175886,1.914384801408297,27.72,5.9361425980786215,5.925,2.37647071627795
official_sb3_dqn_highway_fast_steps100000_seed1,24.17900211033296,7.059376981117779,0.195,0.3971949384061654,0.805,0.3971949384061654,27.220024882488552,2.2432365452000864,26.825,7.324796119412115,5.87,3.126013403521324
official_sb3_dqn_highway_fast_steps100000_seed2,24.55993636100129,7.199757102794638,0.22,0.41528581911472595,0.78,0.41528581911472595,28.18170264566782,1.9312952982630782,26.55,7.270612700813194,6.07,2.668464636750493
official_sb3_dqn_highway_fast_steps20000_seed0,22.534063444687913,4.071369382930445,0.11,0.3136749269530401,0.89,0.3136749269530401,22.88342463305811,2.02045881564893,28.41,4.960335132137302,1.715,1.873854759123944
