step,mean_reward,std_reward
5000,65.412331,0.0
10000,65.412331,0.0
15000,27.058199,0.0
20000,38.626401,0.0
