step,mean_reward,std_reward
5000,161.030982,2.7180686253670427
10000,165.64170399999998,1.6864791376569062
15000,110.04138066666667,70.29204983114896
20000,109.80132933333334,70.24179737759482
