method,steps,seed_count,reward_mean,reward_std,collision_rate_mean,collision_rate_std,success_rate_mean,success_rate_std,avg_speed_mean,avg_speed_std,episode_length_mean,episode_length_std,lane_change_count_mean,lane_change_count_std,near_miss_count_mean,near_miss_count_std,p_yield_mean,p_yield_std,p_block_mean,p_block_std,method_label
official_sb3_dqn_highway_fast,100000,3,24.788894128920944,0.7510189405574211,0.19333333333333336,0.02753785273643052,0.8066666666666666,0.027537852736430533,27.836967731444087,0.5355174132057552,27.031666666666666,0.6117665676819334,5.955000000000001,0.10331989159885926,5.578333333333333,0.1796060503806412,0.7722300736917371,0.0017221336999884238,0.2277699263082631,0.001722133699988405,official_sb3_dqn_highway_fast (100k)
