method,reward_mean,reward_std,collision_rate_mean,collision_rate_std,success_rate_mean,success_rate_std,avg_speed_mean,avg_speed_std,episode_length_mean,episode_length_std,lane_change_count_mean,lane_change_count_std
official_sb3_dqn_highway_fast_100k_3seeds,24.788894128920944,6.762888757746203,0.19333333333333333,0.39524159120034397,0.8066666666666666,0.39524159120034397,27.83696773144408,2.0784532814983687,27.031666666666666,6.880617854450805,5.955,2.7377851350576994
